{"status":"OK","data":{"time":1636683000,"lastSeen":1636682966,"reportedHashrate":147113568,"currentHashrate":138753421.79916668,"validShares":115,"invalidShares":0,"staleShares":2,"averageHashrate":140856198.28975686,"activeWorkers":1,"unpaid":9924013406330138,"unconfirmed":null,"coinsPerMin":0.0000017307356804952331,"usdPerMin":0.008344776732024894,"btcPerMin":1.2726268984241352e-7}}